﻿[{"code_name":"深海色","belong":"罗德岛","profession":"辅助","rank":4,"sex":"女","infect":false,"way":"干员寻访","health":472,"attack":181,"protect":53,"magic_protect":10,"deploy_again":"慢","deploy":8,"perfect_deploy":8,"block":1,"attack_speed":"较慢","attribute":"攻击造成法术伤害、可以使用召唤物协助作战","tags":["远程位","召唤","辅助","女"]},
{"code_name":"德克萨斯","belong":"企鹅物流","profession":"先锋","rank":5,"sex":"女","infect":false,"way":"公开招募、干员寻访","health":727,"attack":202,"protect":139,"magic_protect":0,"deploy_again":"慢","deploy":11,"perfect_deploy":11,"block":2,"attack_speed":"中等","attribute":"能够阻挡两个敌人","tags":["控场","近战位","费用回复","先锋","资深干员","女"]},
{"code_name":"夜刀","belong":"罗德岛","profession":"先锋","rank":2,"sex":"女","infect":true,"way":"初始、公开招募","health":721,"attack":137,"protect":127,"magic_protect":0,"deploy_again":"慢","deploy":7,"perfect_deploy":5,"block":2,"attack_speed":"中等","attribute":"能够阻挡两个敌人","tags":["近战位","新手","先锋","新手","女"]},
{"code_name":"芬","belong":"罗德岛","profession":"先锋","rank":3,"sex":"女","infect":true,"way":"公开招募、干员寻访、教程TR-4首通","health":742,"attack":157,"protect":130,"magic_protect":0,"deploy_again":"慢","deploy":9,"perfect_deploy":8,"block":2,"attack_speed":"中等","attribute":"能够阻挡两个敌人","tags":["近战位","费用回复","先锋","女"]},
{"code_name":"芙兰卡","belong":"黑钢国际","profession":"近卫","rank":5,"sex":"女","infect":true,"way":"干员寻访","health":1386,"attack":382,"protect":105,"magic_protect":0,"deploy_again":"慢","deploy":16,"perfect_deploy":16,"block":1,"attack_speed":"较慢","attribute":"能够阻挡一个敌人","tags":["近战位","输出","生存","近卫","资深干员","女"]},
{"code_name":"幽灵鲨","belong":"罗德岛","profession":"近卫","rank":5,"sex":"女","infect":true,"way":"公开招募、干员寻访","health":1199,"attack":293,"protect":150,"magic_protect":0,"deploy_again":"慢","deploy":19,"perfect_deploy":21,"block":2,"attack_speed":"中等","attribute":"同时攻击阻挡的所有敌人","tags":["近战位","群攻","生存","近卫","资深干员","女"]},
{"code_name":"凛冬","belong":"乌萨斯","profession":"先锋","rank":5,"sex":"女","infect":false,"way":"公开招募、干员寻访","health":812,"attack":183,"protect":147,"magic_protect":0,"deploy_again":"慢","deploy":11,"perfect_deploy":10,"block":2,"attack_speed":"中等","attribute":"能够阻挡两个敌人","tags":["支援","近战位","费用回复","先锋","资深干员","女"]},
{"code_name":"杜宾","belong":"罗德岛","profession":"近卫","rank":4,"sex":"女","infect":true,"way":"公开招募、干员寻访","health":743,"attack":239,"protect":178,"magic_protect":0,"deploy_again":"慢","deploy":13,"perfect_deploy":13,"block":2,"attack_speed":"中等","attribute":"可以攻击到较远敌人","tags":["近战位","支援","输出","近卫","女"]},
{"code_name":"推进之王","belong":"维多利亚","profession":"先锋","rank":6,"sex":"女","infect":false,"way":"公开招募、干员寻访","health":911,"attack":212,"protect":154,"magic_protect":0,"deploy_again":"慢","deploy":12,"perfect_deploy":12,"block":2,"attack_speed":"中等","attribute":"能够阻挡两个敌人","tags":["近战位","费用回复","输出","先锋","高级资深干员","女"]},
{"code_name":"白面鸮","belong":"莱茵生命实验室","profession":"医疗","rank":5,"sex":"女","infect":true,"way":"公开招募、干员寻访","health":640,"attack":117,"protect":62,"magic_protect":0,"deploy_again":"慢","deploy":15,"perfect_deploy":15,"block":1,"attack_speed":"慢","attribute":"同时恢复三个友方单位的生命","tags":["远程位","治疗","支援","医疗","资深干员","女"]},
{"code_name":"夜烟","belong":"罗德岛","profession":"术师","rank":4,"sex":"女","infect":true,"way":"公开招募、干员寻访","health":619,"attack":253,"protect":42,"magic_protect":10,"deploy_again":"慢","deploy":17,"perfect_deploy":17,"block":1,"attack_speed":"较慢","attribute":"攻击造成法术伤害","tags":["削弱","远程位","输出","术师","女"]},
{"code_name":"阿米娅","belong":"罗德岛","profession":"术师","rank":5,"sex":"女","infect":true,"way":"初始、主线2-10、3-8、4-9首通","health":699,"attack":276,"protect":48,"magic_protect":10,"deploy_again":"慢","deploy":18,"perfect_deploy":18,"block":1,"attack_speed":"较慢","attribute":"攻击造成法术伤害","tags":["远程位","输出","术师","资深干员","女"]},
{"code_name":"白雪","belong":"龙门","profession":"狙击","rank":4,"sex":"女","infect":false,"way":"公开招募、干员寻访","health":834,"attack":347,"protect":51,"magic_protect":0,"deploy_again":"慢","deploy":23,"perfect_deploy":25,"block":1,"attack_speed":"慢","attribute":"攻击造成群体物理伤害","tags":["远程位","群攻","减速","狙击","女"]},
{"code_name":"普罗旺斯","belong":"罗德岛","profession":"狙击","rank":5,"sex":"女","infect":false,"way":"公开招募、干员寻访","health":716,"attack":332,"protect":81,"magic_protect":0,"deploy_again":"慢","deploy":15,"perfect_deploy":17,"block":1,"attack_speed":"较慢","attribute":"高精度的近距离射击","tags":["远程位","输出","狙击","资深干员","女"]},
{"code_name":"远山","belong":"罗德岛","profession":"术师","rank":4,"sex":"女","infect":true,"way":"公开招募、干员寻访","health":622,"attack":303,"protect":47,"magic_protect":10,"deploy_again":"慢","deploy":29,"perfect_deploy":30,"block":1,"attack_speed":"慢","attribute":"攻击造成群体法术伤害","tags":["远程位","群攻","术师","女"]},
{"code_name":"能天使","belong":"企鹅物流","profession":"狙击","rank":6,"sex":"女","infect":false,"way":"公开招募、干员寻访","health":711,"attack":183,"protect":57,"magic_protect":0,"deploy_again":"慢","deploy":12,"perfect_deploy":12,"block":1,"attack_speed":"快","attribute":"优先攻击空中单位","tags":["远程位","输出","狙击","高级资深干员","女"]},
{"code_name":"蓝毒","belong":"罗德岛","profession":"狙击","rank":5,"sex":"女","infect":false,"way":"公开招募、干员寻访","health":536,"attack":178,"protect":45,"magic_protect":5,"deploy_again":"慢","deploy":11,"perfect_deploy":11,"block":1,"attack_speed":"快","attribute":"优先攻击空中单位","tags":["远程位","输出","狙击","资深干员","女"]},
{"code_name":"流星","belong":"卡西米尔","profession":"狙击","rank":4,"sex":"女","infect":true,"way":"公开招募、干员寻访","health":612,"attack":159,"protect":58,"magic_protect":0,"deploy_again":"慢","deploy":10,"perfect_deploy":10,"block":1,"attack_speed":"快","attribute":"优先攻击空中单位","tags":["远程位","输出","削弱","狙击","女"]},
{"code_name":"巡林者","belong":"罗德岛","profession":"狙击","rank":2,"sex":"男","infect":false,"way":"初始、公开招募","health":546,"attack":161,"protect":46,"magic_protect":0,"deploy_again":"慢","deploy":7,"perfect_deploy":5,"block":1,"attack_speed":"快","attribute":"优先攻击空中单位","tags":["远程位","新手","狙击","新手","男"]},
{"code_name":"杜林","belong":"罗德岛","profession":"术师","rank":2,"sex":"女","infect":false,"way":"教程TR-5首通、公开招募","health":571,"attack":224,"protect":36,"magic_protect":10,"deploy_again":"慢","deploy":12,"perfect_deploy":10,"block":1,"attack_speed":"较慢","attribute":"攻击造成法术伤害","tags":["远程位","新手","术师","新手","女"]},
{"code_name":"克洛丝","belong":"罗德岛","profession":"狙击","rank":3,"sex":"女","infect":true,"way":"公开招募、干员寻访、教程TR-8首通","health":545,"attack":154,"protect":52,"magic_protect":0,"deploy_again":"慢","deploy":9,"perfect_deploy":9,"block":1,"attack_speed":"快","attribute":"优先攻击空中单位","tags":["远程位","输出","狙击","女"]},
{"code_name":"炎熔","belong":"罗德岛","profession":"术师","rank":3,"sex":"女","infect":true,"way":"公开招募、干员寻访、主线0-8首通","health":576,"attack":296,"protect":41,"magic_protect":10,"deploy_again":"慢","deploy":27,"perfect_deploy":28,"block":1,"attack_speed":"慢","attribute":"攻击造成群体法术伤害","tags":["远程位","群攻","术师","女"]},
{"code_name":"赫默","belong":"莱茵生命实验室","profession":"医疗","rank":5,"sex":"女","infect":true,"way":"公开招募、干员寻访","health":845,"attack":166,"protect":62,"magic_protect":0,"deploy_again":"慢","deploy":17,"perfect_deploy":17,"block":1,"attack_speed":"慢","attribute":"恢复友方单位生命","tags":["远程位","治疗","医疗","资深干员","女"]},
{"code_name":"蛇屠箱","belong":"罗德岛","profession":"重装","rank":4,"sex":"女","infect":true,"way":"公开招募、干员寻访","health":1221,"attack":193,"protect":249,"magic_protect":0,"deploy_again":"慢","deploy":17,"perfect_deploy":19,"block":3,"attack_speed":"中等","attribute":"能够阻挡三个敌人","tags":["近战位","防护","重装","女"]},
{"code_name":"闪灵","belong":"罗德岛","profession":"医疗","rank":6,"sex":"女","infect":false,"way":"公开招募、干员寻访","health":854,"attack":180,"protect":60,"magic_protect":0,"deploy_again":"慢","deploy":18,"perfect_deploy":18,"block":1,"attack_speed":"慢","attribute":"恢复友方单位生命","tags":["远程位","支援","治疗","医疗","高级资深干员","女"]},
{"code_name":"芙蓉","belong":"罗德岛","profession":"医疗","rank":3,"sex":"女","infect":true,"way":"公开招募、干员寻访、作战演习TR-1首通","health":682,"attack":153,"protect":61,"magic_protect":0,"deploy_again":"慢","deploy":15,"perfect_deploy":15,"block":1,"attack_speed":"慢","attribute":"恢复友方单位生命","tags":["远程位","治疗","医疗","女"]},
{"code_name":"米格鲁","belong":"罗德岛","profession":"重装","rank":3,"sex":"女","infect":true,"way":"公开招募、干员寻访、教程TR-7首通","health":1144,"attack":184,"protect":242,"magic_protect":0,"deploy_again":"慢","deploy":16,"perfect_deploy":16,"block":3,"attack_speed":"中等","attribute":"能够阻挡三个敌人","tags":["近战位","防护","重装","女"]},
{"code_name":"临光","belong":"罗德岛","profession":"重装","rank":5,"sex":"女","infect":true,"way":"公开招募、干员寻访","health":1154,"attack":191,"protect":240,"magic_protect":10,"deploy_again":"慢","deploy":17,"perfect_deploy":19,"block":2,"attack_speed":"中等","attribute":"技能可以治疗友方单位","tags":["近战位","防护","治疗","重装","资深干员","女"]},
{"code_name":"雷蛇","belong":"黑钢国际","profession":"重装","rank":5,"sex":"女","infect":false,"way":"公开招募、干员寻访","health":1307,"attack":219,"protect":256,"magic_protect":0,"deploy_again":"慢","deploy":18,"perfect_deploy":20,"block":3,"attack_speed":"中等","attribute":"能够阻挡三个敌人","tags":["近战位","防护","输出","重装","资深干员","女"]},
{"code_name":"星熊","belong":"龙门","profession":"重装","rank":6,"sex":"女","infect":false,"way":"公开招募、干员寻访","health":1602,"attack":221,"protect":257,"magic_protect":0,"deploy_again":"慢","deploy":19,"perfect_deploy":21,"block":3,"attack_speed":"中等","attribute":"能够阻挡三个敌人","tags":["近战位","输出","防护","重装","高级资深干员","女"]},
{"code_name":"红","belong":"罗德岛","profession":"特种","rank":5,"sex":"女","infect":false,"way":"公开招募、干员寻访","health":703,"attack":204,"protect":135,"magic_protect":0,"deploy_again":"快","deploy":7,"perfect_deploy":7,"block":1,"attack_speed":"快","attribute":"再部署时间大幅减少","tags":["近战位","控场","快速复活","特种","资深干员","女"]},
{"code_name":"黑角","belong":"罗德岛","profession":"重装","rank":2,"sex":"男","infect":true,"way":"初始、公开招募","health":1219,"attack":180,"protect":220,"magic_protect":0,"deploy_again":"慢","deploy":14,"perfect_deploy":12,"block":3,"attack_speed":"中等","attribute":"能够阻挡三个敌人","tags":["近战位","新手","重装","新手","男"]},
{"code_name":"末药","belong":"罗德岛","profession":"医疗","rank":4,"sex":"女","infect":false,"way":"公开招募、干员寻访","health":752,"attack":161,"protect":57,"magic_protect":0,"deploy_again":"慢","deploy":16,"perfect_deploy":16,"block":1,"attack_speed":"慢","attribute":"恢复友方单位生命","tags":["远程位","治疗","医疗","女"]},
{"code_name":"伊芙利特","belong":"莱茵生命实验室","profession":"术师","rank":6,"sex":"女","infect":true,"way":"公开招募、干员寻访","health":687,"attack":377,"protect":52,"magic_protect":10,"deploy_again":"慢","deploy":31,"perfect_deploy":32,"block":1,"attack_speed":"慢","attribute":"攻击造成超远距离的群体法术伤害","tags":["远程位","群攻","削弱","术师","高级资深干员","女"]},
{"code_name":"塞雷娅","belong":"莱茵生命实验室","profession":"重装","rank":6,"sex":"女","infect":false,"way":"公开招募、干员寻访","health":1309,"attack":200,"protect":248,"magic_protect":10,"deploy_again":"慢","deploy":18,"perfect_deploy":20,"block":2,"attack_speed":"中等","attribute":"技能可以治疗友方单位","tags":["近战位","支援","防护","治疗","重装","高级资深干员","女"]},
{"code_name":"银灰","belong":"谢拉格","profession":"近卫","rank":6,"sex":"男","infect":false,"way":"公开招募、干员寻访","health":1075,"attack":297,"protect":189,"magic_protect":5,"deploy_again":"慢","deploy":18,"perfect_deploy":18,"block":2,"attack_speed":"较慢","attribute":"可以进行远程攻击，但此时攻击力降低至80%","tags":["近战位","输出","支援","近卫","高级资深干员","男"]},
{"code_name":"天火","belong":"罗德岛","profession":"术师","rank":5,"sex":"女","infect":false,"way":"干员寻访","health":686,"attack":332,"protect":48,"magic_protect":10,"deploy_again":"慢","deploy":30,"perfect_deploy":31,"block":1,"attack_speed":"慢","attribute":"攻击造成群体法术伤害","tags":["控场","远程位","群攻","术师","资深干员","女"]},
{"code_name":"初雪","belong":"谢拉格","profession":"辅助","rank":5,"sex":"女","infect":false,"way":"公开招募、干员寻访","health":629,"attack":193,"protect":46,"magic_protect":15,"deploy_again":"慢","deploy":10,"perfect_deploy":10,"block":1,"attack_speed":"较慢","attribute":"攻击造成法术伤害","tags":["远程位","削弱","辅助","资深干员","女"]},
{"code_name":"因陀罗","belong":"维多利亚","profession":"近卫","rank":5,"sex":"女","infect":false,"way":"公开招募","health":1071,"attack":208,"protect":151,"magic_protect":0,"deploy_again":"慢","deploy":8,"perfect_deploy":8,"block":1,"attack_speed":"非常快","attribute":"能够阻挡一个敌人","tags":["近战位","输出","生存","近卫","资深干员","女"]},
{"code_name":"艾丝黛尔","belong":"罗德岛","profession":"近卫","rank":4,"sex":"女","infect":true,"way":"公开招募","health":1140,"attack":278,"protect":133,"magic_protect":0,"deploy_again":"慢","deploy":18,"perfect_deploy":18,"block":2,"attack_speed":"中等","attribute":"同时攻击阻挡的所有敌人","tags":["近战位","群攻","生存","近卫","女"]},
{"code_name":"嘉维尔","belong":"罗德岛","profession":"医疗","rank":4,"sex":"女","infect":true,"way":"商店兑换","health":851,"attack":159,"protect":66,"magic_protect":0,"deploy_again":"慢","deploy":16,"perfect_deploy":16,"block":1,"attack_speed":"慢","attribute":"恢复友方单位生命","tags":["远程位","治疗","医疗","女"]},
{"code_name":"卡缇","belong":"罗德岛","profession":"重装","rank":3,"sex":"女","infect":false,"way":"干员寻访","health":1197,"attack":190,"protect":229,"magic_protect":0,"deploy_again":"慢","deploy":16,"perfect_deploy":16,"block":3,"attack_speed":"中等","attribute":"能够阻挡三个敌人","tags":["近战位","防护","重装","女"]},
{"code_name":"史都华德","belong":"罗德岛","profession":"术师","rank":3,"sex":"男","infect":true,"way":"公开招募、干员寻访","health":592,"attack":249,"protect":38,"magic_protect":10,"deploy_again":"慢","deploy":16,"perfect_deploy":16,"block":1,"attack_speed":"较慢","attribute":"攻击造成法术伤害","tags":["远程位","输出","术师","男"]},
{"code_name":"夜莺","belong":"罗德岛","profession":"医疗","rank":6,"sex":"女","infect":true,"way":"公开招募、干员寻访","health":796,"attack":132,"protect":80,"magic_protect":5,"deploy_again":"慢","deploy":16,"perfect_deploy":16,"block":1,"attack_speed":"慢","attribute":"同时恢复三个友方单位的生命","tags":["远程位","治疗","支援","医疗","高级资深干员","女"]},
{"code_name":"艾雅法拉","belong":"卡普里尼","profession":"术师","rank":6,"sex":"女","infect":true,"way":"干员寻访","health":732,"attack":292,"protect":46,"magic_protect":10,"deploy_again":"慢","deploy":19,"perfect_deploy":19,"block":1,"attack_speed":"较慢","attribute":"攻击造成法术伤害","tags":["远程位","输出","削弱","术师","高级资深干员","女"]},
{"code_name":"拉普兰德","belong":"罗德岛","profession":"近卫","rank":5,"sex":"女","infect":true,"way":"干员寻访","health":987,"attack":285,"protect":173,"magic_protect":10,"deploy_again":"慢","deploy":17,"perfect_deploy":17,"block":2,"attack_speed":"较慢","attribute":"可以进行远程攻击，但此时攻击力降低至80%","tags":["近战位","输出","削弱","近卫","资深干员","女"]},
{"code_name":"华法琳","belong":"罗德岛","profession":"医疗","rank":5,"sex":"女","infect":false,"way":"公开招募、干员寻访","health":805,"attack":199,"protect":55,"magic_protect":0,"deploy_again":"中等","deploy":16,"perfect_deploy":16,"block":1,"attack_speed":"慢","attribute":"恢复友方单位生命","tags":["远程位","治疗","支援","医疗","资深干员","女"]},
{"code_name":"守林人","belong":"罗德岛","profession":"狙击","rank":5,"sex":"女","infect":false,"way":"公开招募、干员寻访","health":714,"attack":486,"protect":63,"magic_protect":0,"deploy_again":"慢","deploy":19,"perfect_deploy":19,"block":1,"attack_speed":"慢","attribute":"优先攻击攻击范围内防御力最低的敌方单位","tags":["远程位","输出","爆发","狙击","资深干员","女"]},
{"code_name":"火神","belong":"罗德岛","profession":"重装","rank":5,"sex":"女","infect":true,"way":"公开招募","health":1582,"attack":345,"protect":222,"magic_protect":10,"deploy_again":"慢","deploy":31,"perfect_deploy":31,"block":2,"attack_speed":"较慢","attribute":"无法被友方角色治疗","tags":["近战位","输出","防护","生存","重装","资深干员","女"]},
{"code_name":"真理","belong":"乌萨斯","profession":"辅助","rank":5,"sex":"女","infect":false,"way":"公开招募、干员寻访","health":581,"attack":218,"protect":46,"magic_protect":0,"deploy_again":"慢","deploy":13,"perfect_deploy":13,"block":1,"attack_speed":"慢","attribute":"攻击造成法术伤害，并对敌人造成短暂的停顿","tags":["远程位","减速","输出","辅助","资深干员","女"]},
{"code_name":"狮蝎","belong":"罗德岛","profession":"特种","rank":5,"sex":"女","infect":true,"way":"公开招募、干员寻访","health":777,"attack":378,"protect":141,"magic_protect":0,"deploy_again":"慢","deploy":18,"perfect_deploy":18,"block":0,"attack_speed":"慢","attribute":"对攻击范围内所有敌人造成伤害、拥有50%的物理和法术闪避且不容易成为敌人的攻击目标","tags":["生存","近战位","输出","特种","资深干员","女"]},
{"code_name":"慕斯","belong":"维多利亚","profession":"近卫","rank":4,"sex":"女","infect":true,"way":"公开招募、干员寻访","health":1069,"attack":273,"protect":158,"magic_protect":10,"deploy_again":"慢","deploy":18,"perfect_deploy":18,"block":1,"attack_speed":"较慢","attribute":"攻击造成法术伤害","tags":["近战位","输出","近卫","女"]},
{"code_name":"砾","belong":"卡西米尔","profession":"特种","rank":4,"sex":"女","infect":false,"way":"公开招募、干员寻访","health":663,"attack":176,"protect":151,"magic_protect":0,"deploy_again":"快","deploy":6,"perfect_deploy":6,"block":1,"attack_speed":"快","attribute":"再部署时间大幅度减少","tags":["近战位","快速复活","防护","特种","女"]},
{"code_name":"暗索","belong":"雷姆必拓","profession":"特种","rank":4,"sex":"女","infect":true,"way":"公开招募、干员寻访","health":744,"attack":313,"protect":142,"magic_protect":0,"deploy_again":"慢","deploy":10,"perfect_deploy":10,"block":2,"attack_speed":"慢","attribute":"技能可以使敌人产生位移、可以放置于远程位","tags":["近战位","位移","特种","女"]},
{"code_name":"地灵","belong":"卡普里尼","profession":"辅助","rank":4,"sex":"女","infect":true,"way":"公开招募、干员寻访","health":548,"attack":202,"protect":46,"magic_protect":0,"deploy_again":"慢","deploy":12,"perfect_deploy":12,"block":1,"attack_speed":"慢","attribute":"攻击造成法术伤害，并对敌人造成短暂的停顿","tags":["远程位","减速","辅助","女"]},
{"code_name":"调香师","belong":"罗德岛","profession":"医疗","rank":4,"sex":"女","infect":true,"way":"公开招募、干员寻访","health":710,"attack":117,"protect":69,"magic_protect":0,"deploy_again":"慢","deploy":14,"perfect_deploy":14,"block":1,"attack_speed":"慢","attribute":"同时恢复三个友方单位的生命","tags":["远程位","治疗","医疗","女"]},
{"code_name":"白金","belong":"卡西米尔","profession":"狙击","rank":5,"sex":"女","infect":false,"way":"公开招募、干员寻访","health":693,"attack":169,"protect":58,"magic_protect":0,"deploy_again":"慢","deploy":11,"perfect_deploy":11,"block":1,"attack_speed":"快","attribute":"优先攻击空中单位","tags":["远程位","输出","狙击","资深干员","女"]},
{"code_name":"陨星","belong":"罗德岛","profession":"狙击","rank":5,"sex":"女","infect":true,"way":"公开招募、干员寻访","health":770,"attack":394,"protect":59,"magic_protect":0,"deploy_again":"慢","deploy":24,"perfect_deploy":26,"block":1,"attack_speed":"慢","attribute":"攻击造成群体物理伤害","tags":["远程位","群攻","削弱","狙击","资深干员","女"]},
{"code_name":"讯使","belong":"谢拉格","profession":"先锋","rank":4,"sex":"男","infect":false,"way":"商店兑换","health":758,"attack":170,"protect":137,"magic_protect":0,"deploy_again":"慢","deploy":10,"perfect_deploy":10,"block":2,"attack_speed":"中等","attribute":"能够阻挡两个敌人","tags":["近战位","费用回复","防护","先锋","男"]},
{"code_name":"香草","belong":"黑钢国际","profession":"先锋","rank":3,"sex":"女","infect":false,"way":"公开招募、干员寻访","health":711,"attack":168,"protect":128,"magic_protect":0,"deploy_again":"慢","deploy":9,"perfect_deploy":9,"block":2,"attack_speed":"中等","attribute":"能够阻挡两个敌人","tags":["近战位","费用回复","先锋","女"]},
{"code_name":"梅尔","belong":"莱茵生命实验室","profession":"辅助","rank":5,"sex":"女","infect":false,"way":"公开招募、干员寻访","health":480,"attack":199,"protect":56,"magic_protect":15,"deploy_again":"慢","deploy":9,"perfect_deploy":9,"block":1,"attack_speed":"较慢","attribute":"攻击造成法术伤害、可以使用召唤物协助作战","tags":["远程位","召唤","控场","辅助","资深干员","女"]},
{"code_name":"可颂","belong":"企鹅物流","profession":"重装","rank":5,"sex":"女","infect":false,"way":"公开招募、干员寻访、商店兑换","health":1503,"attack":201,"protect":249,"magic_protect":0,"deploy_again":"慢","deploy":18,"perfect_deploy":20,"block":3,"attack_speed":"中等","attribute":"能够阻挡三个敌人","tags":["近战位","位移","防护","重装","资深干员","女"]},
{"code_name":"崖心","belong":"谢拉格","profession":"特种","rank":5,"sex":"女","infect":true,"way":"公开招募、干员寻访、7天签到获得","health":852,"attack":329,"protect":148,"magic_protect":0,"deploy_again":"慢","deploy":11,"perfect_deploy":11,"block":2,"attack_speed":"慢","attribute":"技能可以使敌人产生位移、可以放置于远程位","tags":["输出","近战位","位移","特种","资深干员","女"]},
{"code_name":"食铁兽","belong":"罗德岛","profession":"特种","rank":5,"sex":"女","infect":true,"way":"公开招募、干员寻访","health":852,"attack":279,"protect":158,"magic_protect":0,"deploy_again":"慢","deploy":18,"perfect_deploy":18,"block":2,"attack_speed":"中等","attribute":"同时攻击阻挡的所有敌人、可以放置于远程位","tags":["减速","近战位","位移","特种","资深干员","女"]},
{"code_name":"空","belong":"企鹅物流","profession":"辅助","rank":5,"sex":"女","infect":false,"way":"干员寻访","health":519,"attack":133,"protect":95,"magic_protect":0,"deploy_again":"慢","deploy":5,"perfect_deploy":5,"block":1,"attack_speed":"快","attribute":"不进行攻击，持续恢复攻击范围内所有友军的生命（每秒恢复相当于空攻击力10%的生命）","tags":["支援","远程位","治疗","辅助","资深干员","女"]},
{"code_name":"清道夫","belong":"罗德岛","profession":"先锋","rank":4,"sex":"女","infect":true,"way":"公开招募、干员寻访","health":693,"attack":185,"protect":136,"magic_protect":0,"deploy_again":"慢","deploy":10,"perfect_deploy":10,"block":2,"attack_speed":"中等","attribute":"能够阻挡两个敌人","tags":["近战位","费用回复","输出","先锋","女"]},
{"code_name":"霜叶","belong":"罗德岛","profession":"近卫","rank":4,"sex":"女","infect":true,"way":"公开招募、干员寻访","health":949,"attack":272,"protect":154,"magic_protect":5,"deploy_again":"慢","deploy":16,"perfect_deploy":16,"block":2,"attack_speed":"较慢","attribute":"可以进行远程攻击，但此时攻击力降低至80%","tags":["近战位","减速","输出","近卫","女"]},
{"code_name":"古米","belong":"乌萨斯","profession":"重装","rank":4,"sex":"女","infect":false,"way":"公开招募、干员寻访、新手6元礼包","health":1059,"attack":179,"protect":234,"magic_protect":10,"deploy_again":"慢","deploy":16,"perfect_deploy":18,"block":2,"attack_speed":"中等","attribute":"技能可以治疗友方单位","tags":["近战位","防护","治疗","重装","女"]},
{"code_name":"角峰","belong":"谢拉格","profession":"重装","rank":4,"sex":"男","infect":false,"way":"公开招募、干员寻访","health":1273,"attack":198,"protect":241,"magic_protect":5,"deploy_again":"慢","deploy":17,"perfect_deploy":19,"block":3,"attack_speed":"中等","attribute":"能够阻挡三个敌人","tags":["近战位","防护","重装","男"]},
{"code_name":"玫兰莎","belong":"罗德岛","profession":"近卫","rank":3,"sex":"女","infect":true,"way":"公开招募、干员寻访、主线0-11首通","health":1332,"attack":361,"protect":83,"magic_protect":0,"deploy_again":"慢","deploy":13,"perfect_deploy":13,"block":1,"attack_speed":"较慢","attribute":"能够阻挡一个敌人","tags":["近战位","输出","生存","近卫","女"]},
{"code_name":"安赛尔","belong":"罗德岛","profession":"医疗","rank":3,"sex":"男","infect":false,"way":"公开招募、干员寻访、主线0-10首通","health":634,"attack":156,"protect":60,"magic_protect":0,"deploy_again":"慢","deploy":15,"perfect_deploy":15,"block":1,"attack_speed":"慢","attribute":"恢复友方单位生命","tags":["远程位","治疗","医疗","男"]},
{"code_name":"缠丸","belong":"罗德岛","profession":"近卫","rank":4,"sex":"女","infect":false,"way":"公开招募、干员寻访","health":1443,"attack":370,"protect":70,"magic_protect":0,"deploy_again":"慢","deploy":15,"perfect_deploy":15,"block":1,"attack_speed":"较慢","attribute":"能够阻挡一个敌人","tags":["输出","近战位","生存","近卫","女"]},
{"code_name":"阿消","belong":"龙门","profession":"特种","rank":4,"sex":"女","infect":false,"way":"公开招募、干员寻访、主线1-12首通","health":824,"attack":252,"protect":151,"magic_protect":0,"deploy_again":"慢","deploy":17,"perfect_deploy":17,"block":2,"attack_speed":"中等","attribute":"同时攻击阻挡的所有敌人、可以放置于远程位","tags":["近战位","位移","特种","女"]},
{"code_name":"安洁莉娜","belong":"罗德岛","profession":"辅助","rank":6,"sex":"女","infect":true,"way":"干员寻访","health":629,"attack":228,"protect":53,"magic_protect":15,"deploy_again":"慢","deploy":14,"perfect_deploy":14,"block":1,"attack_speed":"慢","attribute":"攻击造成法术伤害，并对敌人造成短暂的停顿","tags":["远程位","减速","输出","支援","辅助","高级资深干员","女"]},
{"code_name":"红豆","belong":"罗德岛","profession":"先锋","rank":4,"sex":"女","infect":true,"way":"公开招募、干员寻访","health":724,"attack":248,"protect":152,"magic_protect":0,"deploy_again":"慢","deploy":9,"perfect_deploy":9,"block":1,"attack_speed":"快","attribute":"击杀敌人后获得1点部署费用，撤退时返还初始部署费用","tags":["近战位","输出","费用回复","先锋","女"]},
{"code_name":"暴行","belong":"雷姆必拓","profession":"近卫","rank":5,"sex":"女","infect":false,"way":"公测累计预约80万人次预约限定奖励","health":1108,"attack":284,"protect":135,"magic_protect":0,"deploy_again":"慢","deploy":18,"perfect_deploy":20,"block":2,"attack_speed":"中等","attribute":"同时攻击阻挡的所有敌人","tags":["近战位","群攻","爆发","近卫","资深干员","女"]},
{"code_name":"杰西卡","belong":"黑钢国际","profession":"狙击","rank":4,"sex":"女","infect":false,"way":"公开招募、干员寻访、教程TR-3首通","health":604,"attack":163,"protect":54,"magic_protect":0,"deploy_again":"慢","deploy":10,"perfect_deploy":10,"block":1,"attack_speed":"快","attribute":"优先攻击空中单位","tags":["远程位","输出","生存","狙击","女"]},
{"code_name":"12F","belong":"罗德岛","profession":"术师","rank":2,"sex":"男","infect":false,"way":"教程TR-6首通、公开招募","health":1378,"attack":280,"protect":31,"magic_protect":10,"deploy_again":"慢","deploy":24,"perfect_deploy":22,"block":1,"attack_speed":"慢","attribute":"攻击造成群体法术伤害","tags":["远程位","新手","术师","新手","男"]},
{"code_name":"梓兰","belong":"罗德岛","profession":"辅助","rank":3,"sex":"女","infect":true,"way":"公开招募、干员寻访、主线1-7首通","health":553,"attack":192,"protect":44,"magic_protect":10,"deploy_again":"慢","deploy":10,"perfect_deploy":10,"block":1,"attack_speed":"慢","attribute":"攻击造成法术伤害，并对敌人造成短暂的停顿","tags":["远程位","减速","辅助","女"]},
{"code_name":"翎羽","belong":"拉特兰","profession":"先锋","rank":3,"sex":"女","infect":false,"way":"公开招募、干员寻访、主线0-5首通","health":688,"attack":229,"protect":148,"magic_protect":0,"deploy_again":"慢","deploy":8,"perfect_deploy":8,"block":1,"attack_speed":"快","attribute":"击杀敌人后获得1点部署费用，撤退时返还初始部署费用","tags":["近战位","输出","费用回复","先锋","女"]},
{"code_name":"Lancet-2","belong":"罗德岛","profession":"医疗","rank":1,"sex":"女","infect":false,"way":"教程TR-10首通、公开招募","health":261,"attack":42,"protect":16,"magic_protect":0,"deploy_again":"非常慢","deploy":3,"perfect_deploy":3,"block":1,"attack_speed":"慢","attribute":"恢复友方单位生命，且不受部署数量限制，但再部署时间极长","tags":["远程位","治疗","医疗","女"]},
{"code_name":"Castle-3","belong":"罗德岛","profession":"近卫","rank":1,"sex":"男","infect":false,"way":"公开招募","health":862,"attack":221,"protect":63,"magic_protect":0,"deploy_again":"非常慢","deploy":3,"perfect_deploy":3,"block":1,"attack_speed":"较慢","attribute":"能够阻挡一个敌人，且不受部署数量限制，但再部署时间极长","tags":["近战位","支援","近卫","男"]},
{"code_name":"安德切尔","belong":"罗德岛","profession":"狙击","rank":3,"sex":"男","infect":true,"way":"教程TR-2首通、公开招募","health":531,"attack":150,"protect":55,"magic_protect":0,"deploy_again":"慢","deploy":9,"perfect_deploy":9,"block":1,"attack_speed":"快","attribute":"优先攻击空中单位","tags":["远程位","输出","狙击","男"]}
]