﻿[
  {
    "Cat": "职业",
    "Tags": [ "术师", "狙击", "先锋", "近卫", "重装", "医疗", "辅助", "特种" ]
  },
  {
    "Cat": "性别",
    "Tags": [ "男", "女" ]
  },
  {
    "Cat": "位置",
    "Tags": [ "近战位", "远程位" ]
  },
  {
    "Cat": "资历",
    "Tags": [
      "新手",
      "资深干员",
      "高级资深干员"
    ]
  },
  {
    "Cat": "其他Tag",
    "Tags": [
      "输出",
      "防护",
      "生存",
      "治疗",
      "费用回复",
      "群攻",
      "减速",
      "支援",
      "快速复活",
      "削弱",
      "位移",
      "召唤",
      "控场",
      "爆发"
    ]
  }
]
